Id,Phone__c,Name,Title__c,Mobile_Phone__c,Email__c,Picture__c
a041h000006xNv0AAE,617-244-3672,Caroline Kingsley,Senior Broker,617-244-3672,caroline@dreamhouse.demo,https://s3-us-west-1.amazonaws.com/sfdc-demo/people/caroline_kingsley.jpg
a041h000006xNv1AAE,617-244-3672,Michael Jones,Senior Broker,617-244-3672,michael@dreamhouse.demo,https://s3-us-west-1.amazonaws.com/sfdc-demo/people/michael_jones.jpg
a041h000006xNv2AAE,617-244-3672,Jonathan Bradley,Senior Broker,617-244-3672,jonathan@dreamhouse.demo,https://s3-us-west-1.amazonaws.com/sfdc-demo/people/jonathan_bradley.jpg
a041h000006xNv3AAE,617-244-3672,Jennifer Wu,Senior Broker,617-244-3672,jen@dreamhouse.demo,https://s3-us-west-1.amazonaws.com/sfdc-demo/people/jennifer_wu.jpg
a041h000006xNv4AAE,617-244-3672,Olivia Green,Senior Broker,617-244-3672,olivia@dreamhouse.demo,https://s3-us-west-1.amazonaws.com/sfdc-demo/people/olivia_green.jpg
a041h000006xNv5AAE,617-244-3672,Miriam Aupont,Senior Broker,617-244-3672,miriam@dreamhouse.demo,https://s3-us-west-1.amazonaws.com/sfdc-demo/people/miriam_aupont.jpg
a041h000006xNv6AAE,617-244-3672,Michelle Lambert,Senior Broker,617-244-3672,michelle@dreamhouse.demo,https://s3-us-west-1.amazonaws.com/sfdc-demo/people/michelle_lambert.jpg
a041h000006xNv7AAE,617-244-3672,Victor Ochoa,Senior Broker,617-244-3672,victor@dreamhouse.demo,https://s3-us-west-1.amazonaws.com/sfdc-demo/people/victor_ochoa.jpg
a041h000006xNv8AAE,01231231321,Buggs Bunny,Mr.,01023123598,test@email.com,https://encrypted-tbn0.gstatic.com/images?q=tbn:ANd9GcSm6xv0H54MzQnBtWN-kYHKq5GC7EIWhcmx5y2XzYd3UA&s
